"0","```r



#all groups over time 
all <- df %>% dplyr::filter(ari_par==\"0.009\")%>% dplyr::group_by(time) %>% dplyr::summarise(tb.dis = sum(tb.dis), tot.pop = sum(tot.pop), dis.prev = tb.dis/tot.pop, uninf = sum(uninf), uninf.prop = uninf/tot.pop, inf.prop = sum(tot.inf)/sum(tot.pop), progresstb = sum(progress2tb)/tot.pop, at_risk_dis = sum(tot.inf)+sum(uninf), new.inf =sum(new.inf), tot.inf=sum(tot.inf), dths = sum(tot.dths), dis.inf.rt = dis.prev/inf.prop, uninf.dths = sum(dths.uninf), inf.1to4 = sum(inf.1yr)+sum(inf.2yr)+sum(inf.3yr)+sum(inf.4yr)+ sum(inf.5yr), allinf = (sum(tb.dis)+sum(tot.inf)),  old.inf = sum(old.inf))


ggplot(data=all) + geom_line(aes(x=time, y=uninf, color=\"Uninfected\")) + geom_line(aes(x=time, y=tot.dths, color=\"Deaths\")) + geom_line(aes(x=time, y=tb.dis, color=\"TB\")) + geom_line(aes(x=time, y=tot.inf, color=\"Infected\"))+ geom_line(aes(x=time, y=new.inf, color=\"New Infections\"))+ geom_line(aes(x=time, y=old.inf, color=\"Old Infections\")) + geom_line(aes(x=time, y=allinf, color=\"All infected (incl disease)\")) + geom_line(aes(x=time, y=inf.1to4, color=\"1 to 5 yr Infections\")) +ylab(\"Frequency\") + scale_color_discrete(name=\"\")
```"
